{"recovery_time_s15_cp0": [194.99780075408, 184.95952597424002, 222.47423222658, 277.09856882639997, 236.96413681552002, 261.22568158832, 230.13903794191998, 221.49413944648, 264.5481197836, 262.54019035152, 267.23280382704, 269.47161682944, 230.6395805244, 244.13222206336002, 259.9005104456, 243.85216717904, 264.54652661376, 269.71940277976, 267.83744958731995, 271.72034300176006, 226.03520933872, 230.67312751944002, 198.6426758004, 225.31661439544, 274.55645754104, 227.99941128528002, 260.18525227088, 269.14922860992, 185.92077133904002, 262.52850460976, 190.70621540823998, 184.19406336155998, 293.28316513808, 235.19302331248002, 203.76711035096002, 196.3092561304, 187.96480265776, 231.04411237832, 202.73552192687998, 198.87604877040002, 174.07958876639998, 224.14478027936002, 185.15068520576, 234.15481470112002, 290.69561018352, 187.59593665263998, 221.07449936688, 185.89175190447997, 200.87518518768002, 180.46520608880002, 182.50670908624, 187.21653724976, 279.50493050496004, 186.26020959367997, 176.12209603496, 202.98489695512, 183.26933727455997, 171.9885541785, 176.72117222807998, 301.58814878416, 291.1422137863, 304.23229336392, 287.85668606528, 305.92523981816], "recovery_time_s15_cp1": [72.69080556792, 72.80411291496, 74.97874111535998, 71.00522053112002, 73.33349524786001, 71.25410804528002, 67.26990962216001, 70.60412417527999, 74.20766795079999, 70.97668088607998, 75.35226971831997, 71.32001501408001, 69.10024141439999, 68.76586075248002, 67.82361986176, 67.69026120216, 66.83851598528003, 69.53428568423999, 78.08206820919997, 69.86971268375999, 68.5391594175, 69.07457359879999, 73.07724190943998, 71.28658522696003, 67.86363370184, 74.89290619271998, 68.60459128240001, 68.71449044512002, 70.15115242719997, 69.77616301104001, 69.03767975696002, 70.88048635991998, 72.13789102935999, 73.09537560479998, 73.23772348336001, 67.91051575647998, 76.94828921663998, 71.56305946591999, 69.99286373320001, 69.12842163104, 67.84929143263997, 68.96826847352003, 68.75957092303997, 72.65543621408, 66.98722287712002, 67.96741789127998, 74.50347808871999, 70.13992729984, 69.49657228424002, 69.54584867032003, 75.28900109568002, 69.19378456520002, 65.85178643007998, 70.17550275168003, 69.26959391015998, 70.00494980176, 68.78417358664001, 66.22120942752002, 68.54708655207997, 71.42253837328002, 68.93083561487998, 72.45309551231998, 69.06953064023998, 69.84867777391997], "recovery_time_s15_cp2": [70.23098161496, 68.10565857216, 69.30832514368001, 72.0304078776, 69.44437995738002, 73.20728355568002, 69.60038643064001, 69.40655044888001, 73.46078755671999, 72.23500203184, 69.99472176792, 69.55847993783999, 74.14021216816002, 69.49275219952, 67.03648433816, 68.74414086031999, 77.84485754944001, 69.11885526511998, 73.58080031615998, 74.56973672336, 70.32202915663999, 72.1309797404, 68.50485644655998, 72.92760836896002, 69.020225584, 74.45611619919998, 67.70952997031998, 69.58451913800002, 69.30317465960002, 75.16094280559997, 74.00192919120002, 71.96547068128001, 69.00536915712001, 74.01399687968001, 69.57076139328001, 75.24910028007997, 70.86740802408002, 69.98516333408003, 70.51680683792, 67.70450269536002, 67.35879018880001, 70.73657941855998, 76.04385823567998, 69.23978698216001, 70.1021336988, 69.71326590464002, 70.37451109208001, 66.14000367263998, 69.00163745224, 70.17369043224, 68.89695865511999, 69.09579342872001, 67.03784244008, 72.23317626832, 68.97596737743999, 70.65141253095999, 69.12014600264001, 67.07101259607998, 69.64562499168, 70.95020194464001, 68.55305087687998, 69.77175215791999, 69.37605714711998, 68.26474798464], "recovery_time_s15_cp3": [623.38846979596, 622.8216306327, 624.1534438704, 620.911332945, 619.85014867696, 620.09986085008, 624.68047752504, 619.31809657064, 619.53489448532, 617.8966720051, 620.56177587652, 622.38933129452, 621.36556196284, 620.84870101036, 619.3630816366, 620.12578384344, 618.85839136244, 619.18783388982, 622.31629599772, 621.3153309404, 620.14109925998, 621.79293075316, 618.95416296174, 619.79629445304, 619.53802152896, 619.28772687436, 621.89433733328, 621.45351471404, 622.54293703472, 623.3752705656, 621.78907754856, 620.41636713996, 617.75724365212, 622.0091350866, 621.1839680548, 618.6244892008, 621.6568354683, 621.12750601344, 623.57201921976, 619.94535805496, 620.13113211688, 622.27204285818, 620.70339565464, 620.38738033536, 619.87691580474, 620.88074951212, 618.579125494, 621.0320584466, 620.95097863648, 622.41637018324, 620.746685088, 622.07240015732, 622.69848627164, 620.04404849732, 620.08672186308, 620.48736087884, 620.58993072346, 620.63707356902, 624.9571956028, 619.54847873792, 621.6420276708, 621.65370182334, 623.19964553954, 621.92440679638]}