{"recovery_time_s5_cp0": [63.90702043959999, 60.47123310208002, 62.26597641088, 63.26680527040003, 65.48430497520002, 64.38274009984002, 64.13478167852003, 64.26028094911999, 63.26537628656001, 63.175326437600006, 64.17027076096002, 64.65059350564002, 61.42884697376002, 65.59388768960002, 60.74077775863998, 70.08404186128001, 64.99797192611999, 65.17656855704001, 62.91380878382, 63.25272613560003, 63.56997055672002, 60.38319555883999, 61.56877502560002, 65.20968057928002, 62.63862086905999, 68.81150800673998, 72.08715442495998, 63.482204743520015, 68.27947484869998, 66.99173150375998, 72.09205161256, 66.66279446895999, 65.95619114639999, 59.92544393712001, 62.02194365183999, 61.71250582186002, 64.82589370570003, 65.88567777136001, 59.57854550738, 60.74173592919999, 61.888298083359985, 69.25403222768, 67.98275679535999, 64.77250650280001, 68.16389068439997, 62.4155625432, 67.97638561584, 71.7753956304, 65.38408707351999, 76.18071748352003, 65.69568676360001, 68.18930613728003, 65.19227537095998, 71.28263529864, 68.78020400527998, 74.67804554928, 69.81402180672, 63.99651277516, 64.43000088487997, 63.80965927303998, 64.65506795604, 66.61204935926003, 65.50735831015999, 62.51183730600002], "recovery_time_s5_cp1": [63.580742879280024, 63.808573243520016, 62.622358166640026, 63.33086418324001, 67.04059657936, 66.50050006766003, 63.51027792944001, 64.52400949738, 64.39846369472002, 60.287133147220004, 63.93920694712, 63.40005148708002, 63.07114974324003, 64.30159240400002, 62.28160002935999, 60.13119346960002, 65.71028554127997, 62.84953372351998, 61.69973999612, 64.62180069552, 62.42411865176001, 68.71993196343999, 60.57177369016, 64.66486109936, 67.79678559668002, 68.41010553534, 62.94988912192002, 72.51395373224, 65.09592416214002, 66.48783020847998, 72.97390034, 66.1338641108, 66.09372803712, 62.6608716856, 65.69122050672001, 60.520634711280024, 62.496202932079996, 65.46821230583998, 60.37243914099997, 61.24210052503997, 66.7298164568, 74.69512635583999, 67.31315077175998, 67.63948740657997, 66.90723995055998, 64.69127901936002, 59.87945651299998, 68.16356165671999, 72.20060058493999, 71.90137109742, 65.28288425352002, 68.30911931176001, 75.93995881320001, 68.82991916895998, 72.27358001137998, 65.96094591707998, 63.95408434548, 63.39005871616001, 65.2575275296, 64.39702472656, 63.63401937783999, 64.96464052184001, 62.165061293680026, 65.51192853048002], "recovery_time_s5_cp2": [63.43184988671999, 65.06915381976, 62.88681078356001, 63.325258254339985, 66.67025957496003, 66.46412589694, 63.42396024784, 62.99354515060003, 64.33086223560002, 60.74561594343999, 63.15219966875998, 63.50378762608, 63.92506657775999, 64.16290447106002, 61.51616534184001, 60.083224496000014, 65.9306960065, 63.57673580303998, 61.09393959251997, 65.37455535433998, 61.884833711839974, 69.12658561984, 61.000540458080025, 64.20683489568, 68.3288598652, 69.73056457991999, 62.57539087344003, 72.40850777568, 64.89702780812001, 66.74038402136, 71.08940005296, 65.81218089615999, 66.08679811783998, 62.52513327657999, 64.83749756933997, 59.79807504024001, 63.434026317120015, 64.55830464320002, 59.060686616479984, 61.388680501140016, 68.53077820471998, 73.44707341096, 68.20759720024, 66.61441567192003, 65.34772252464, 63.60854128047998, 59.61746481552001, 67.32910594184, 70.81006387039997, 71.88751270901997, 64.30482379583998, 69.14729232512002, 76.41375107023998, 67.44283178, 72.8830723008, 66.9414584118, 63.761927924559984, 65.78352967424001, 65.67533461120001, 63.85189820623998, 63.140186538959995, 64.91610772448001, 62.05662424159999, 65.37854115907999], "recovery_time_s5_cp3": [66.27542032141997, 62.811975552720014, 64.01376015791999, 102.05345622044001, 65.89014977455997, 62.9188306945, 60.44262342450003, 63.07716236051999, 82.92839478887998, 106.67665025448002, 83.96960820075998, 90.75655950752002, 96.44128262504, 100.12981207988003, 65.75195446895998, 65.21865444192002, 64.49465196588, 64.34152428108001, 97.04825083888, 64.95862229071997, 61.038257139719974, 69.01113540071998, 62.30285876236002, 62.269501082880026, 65.92053051459999, 66.54135764896, 69.74375095765998, 72.70975120920002, 61.96039742319999, 65.06608543696001, 72.37264318706002, 66.24538847920002, 66.37841824421997, 64.58998095563999, 60.80526962639999, 65.28631238768003, 65.26842143656, 67.59511411632002, 65.04914194883997, 61.57100165984002, 68.07232229293999, 60.460776315279986, 63.34306658039998, 65.3058480546, 67.38491427316, 73.26262835995999, 58.78138207735998, 67.81875177382, 64.97429697583999, 70.26963019812001, 72.50738213186003, 68.15231890488002, 76.15883913584003, 67.38549466927998, 65.60740522650002, 72.83071017584001, 68.54510446626, 63.157494388919986, 65.23561408135998, 65.16715931459999, 67.11083858135999, 64.16814067659999, 63.34357476152002, 62.164576122179994]}