{"recovery_time_s10_cp0": [64.27166482496, 66.22475257631999, 69.32620005007999, 64.46692099799998, 66.39136209207999, 102.92007691719999, 91.16737442943997, 60.91994875, 105.46907303424001, 91.45403423568001, 69.98421236488002, 97.20530086664002, 103.82334450055998, 67.19236759216, 104.44512973695998, 116.16352516696003, 106.76768879664002, 67.65322623624002, 65.16345442096002, 60.25166980879999, 64.66052840632, 63.48264432896002, 65.90394100783999, 90.63588513496, 69.17342698255999, 65.57253918191998, 89.65965746711998, 66.19892601423999, 62.657839869680004, 86.99438431888001, 81.26063167384001, 83.67378915936001, 91.75524791144, 87.16186198240001, 91.46821734560001, 64.84562358919999, 65.22946209416, 64.65340142399998, 70.39286082016002, 62.227976418720004, 67.86974012863999, 63.20775836472001, 61.315709606639984, 66.95144326479999, 68.54616045440002, 67.85712458135998, 63.67057533543999, 68.28635735576, 65.98944033136002, 65.72976866383999, 65.61337294551998, 66.29800774768, 67.00066271712001, 66.67984506744, 65.96483109392, 67.30522308479999, 70.11148206015997, 87.43049384872, 94.86161738231999, 84.44892860712002, 83.88935292448002, 98.34911111472002, 90.59352587768001, 94.22743514972001], "recovery_time_s10_cp1": [68.58507709792002, 63.224873961920025, 66.06373020816, 65.97040170999998, 66.82707700527999, 63.89315396823997, 72.51553429, 64.0862643264, 68.77674765256, 67.04669240504, 63.66803668896, 67.3558318016, 64.43681913274003, 61.123635647679976, 68.91987051368, 69.55585533744, 69.94889296039997, 65.62818089040002, 60.61894771952001, 66.34683326272, 63.097747051440024, 63.92142711944001, 66.29222336945998, 62.73372078064, 65.54572440072002, 65.89371481448, 67.94963883015998, 63.29238417440001, 65.16298863928, 63.38098668608001, 68.8430762648, 62.40228230088002, 65.52327401487997, 65.49187624415998, 64.23185262504, 65.02663700512, 66.18805307425998, 70.88558369463999, 64.79319891512, 60.05775148544001, 64.9334650371, 62.91109360408001, 63.466957462239975, 63.67923009696, 64.18344666624, 65.07085960064, 65.64300114167997, 65.6115723716, 70.04827930952001, 65.91558522534001, 66.93840702735997, 66.09477144575999, 66.02090278088002, 70.13892145272001, 67.96161152960002, 68.66015081664, 60.77822755824002, 67.011149504, 66.89445323823998, 65.89665029288, 66.76170595448002, 62.8229543992, 63.96649996000002, 69.44641116896003], "recovery_time_s10_cp2": [69.88807107295997, 63.52558795288002, 66.00669223936, 66.13644459692, 67.03627510415998, 64.26602568912, 71.08080475008, 64.89632075191997, 68.5744325705, 67.96165040815998, 63.198929469439975, 68.22167981088, 64.47563977144, 62.53630631840002, 69.17845700191998, 69.64648907024002, 69.96357411576003, 65.23567572496, 59.97429313952, 66.01640666736, 63.54495475087998, 63.43699240119997, 66.25424439744, 63.23520528848002, 66.00823280888, 66.25339856952002, 67.57998412848002, 62.99013736616001, 65.96288950851999, 63.21119933544003, 68.65056017168001, 63.647813237759976, 66.21472343168, 65.61004593304, 64.13232266224003, 65.43035749735998, 65.65054591223998, 70.68836047104003, 65.30312600256002, 60.67338717951998, 64.43277632415999, 62.70123642264002, 64.99850447967998, 64.45730280855997, 64.10387226152, 65.89603835036002, 65.58777228496001, 65.02958225679998, 69.11611473647997, 65.83630136232, 66.87712872624002, 66.70267201664001, 66.12383250104, 70.91234926776002, 60.825981260879985, 67.92481834296001, 68.49880755599997, 68.50573178515998, 66.13332096552, 66.29337912872, 63.146528806519996, 66.63409468364, 63.61888834040002, 69.70311009903998], "recovery_time_s10_cp3": [444.38662032959996, 446.7669963818, 441.05619883428005, 444.99524032252, 449.92041522188003, 442.44804256358, 446.674454139, 443.61784589392005, 446.29649158535995, 437.54597522912, 452.58392265251996, 448.67229410734, 442.99648325954, 439.42682073536, 447.86275606126003, 442.23025609731997, 448.11504141864, 443.28637030955997, 449.25585217846003, 446.16489515418004, 450.38909817779995, 451.2613674956, 445.22067269623994, 450.9637470985, 444.8067455716, 450.70601963304, 450.67504263224, 452.64629461464006, 448.30773170407997, 449.75022653303995, 444.97374764016, 450.60788014356, 449.22542459275996, 442.25369731779995, 450.80706584098004, 447.14986308742004, 446.7307661274, 443.96191086448005, 456.88952194932006, 440.43955922400005, 444.46639107316, 446.53345432632, 447.13154651748005, 447.93647067494, 444.21304416804, 436.79133565448, 444.15520855312, 446.45798511152, 447.09108427468004, 449.19151875276, 449.66570326685996, 445.73766516447995, 446.70931928062, 448.31173017317997, 441.42927102271994, 445.50068051754, 451.88648112592, 444.84638695718, 440.77315209764004, 443.42829422295995, 436.84382756512, 448.63888633299996, 444.64994612024, 444.91826305364]}